Week,Date,Time,Home_Team,Home_xG,Score,Away_xG,Away_Team,Attendance,Venue,Referee,Season,B365H,B365D,B365A,Home_Team_Score,Away_Team_Score,Result,Predicted_Home_Score,Predicted_Away_Score,Prediction_Result
38,28-05-2023,16:30,Crystal Palace,1.4,1Â1,0.5,Nott'ham Forest,25198.0,Selhurst Park,Thomas Bramall,2022-2023,1.67,4.0,5.0,1,1,Draw,1.0,1.0,Draw
38,28-05-2023,16:30,Chelsea,2.2,1Â1,1.7,Newcastle Utd,40130.0,Stamford Bridge,Jarred Gillett,2022-2023,2.9,3.5,2.38,1,1,Draw,2.0,2.0,Draw
38,28-05-2023,16:30,Manchester Utd,2.9,2Â1,1.8,Fulham,73465.0,Old Trafford,Robert Jones,2022-2023,1.5,4.33,6.0,2,1,Home Team Wins,3.0,1.0,Home Team Wins
38,28-05-2023,16:30,Arsenal,2.8,5Â0,0.5,Wolves,60095.0,Emirates Stadium,Andre Marriner,2022-2023,1.36,5.25,8.0,5,0,Home Team Wins,3.0,0.0,Home Team Wins
38,28-05-2023,16:30,Southampton,1.8,4Â4,4.0,Liverpool,31129.0,St. Mary's Stadium,Darren England,2022-2023,6.5,4.75,1.44,4,4,Draw,1.0,5.0,Away Team Wins
38,28-05-2023,16:30,Everton,1.0,1Â0,0.5,Bournemouth,39201.0,Goodison Park,Stuart Attwell,2022-2023,1.5,4.5,6.5,1,0,Home Team Wins,1.0,0.0,Home Team Wins
38,28-05-2023,16:30,Leicester City,1.4,2Â1,1.4,West Ham,32183.0,King Power Stadium,Simon Hooper,2022-2023,1.91,3.8,3.6,2,1,Home Team Wins,1.0,1.0,Draw
38,28-05-2023,16:30,Aston Villa,2.8,2Â1,1.4,Brighton,,Villa Park,David Coote,2022-2023,2.0,3.6,3.5,2,1,Home Team Wins,2.0,1.0,Home Team Wins
38,28-05-2023,16:30,Leeds United,1.5,1Â4,2.2,Tottenham,36871.0,Elland Road,Anthony Taylor,2022-2023,2.75,3.8,2.3,1,4,Away Team Wins,1.0,3.0,Away Team Wins
38,28-05-2023,16:30,Brentford,1.3,1Â0,1.6,Manchester City,17120.0,Brentford Community Stadium,John Brooks,2022-2023,3.8,4.0,1.83,1,0,Home Team Wins,1.0,2.0,Away Team Wins
32,25-05-2023,20:00,Manchester Utd,5.2,4Â1,1.9,Chelsea,73561.0,Old Trafford,Stuart Attwell,2022-2023,1.6,4.33,5.0,4,1,Home Team Wins,6.0,2.0,Home Team Wins
32,24-05-2023,20:00,Brighton,2.2,1Â1,1.8,Manchester City,31388.0,The American Express Community Stadium,Simon Hooper,2022-2023,4.0,4.33,1.75,1,1,Draw,2.0,2.0,Draw
37,22-05-2023,20:00,Newcastle Utd,2.1,0Â0,0.1,Leicester City,52152.0,St James' Park,Andre Marriner,2022-2023,1.36,5.5,7.0,0,0,Draw,2.0,0.0,Home Team Wins
37,21-05-2023,13:30,West Ham,2.1,3Â1,0.9,Leeds United,62478.0,London Stadium,Peter Bankes,2022-2023,2.4,3.5,2.88,3,1,Home Team Wins,2.0,1.0,Home Team Wins
37,21-05-2023,14:00,Brighton,2.5,3Â1,0.6,Southampton,31507.0,The American Express Community Stadium,Paul Tierney,2022-2023,1.22,7.0,11.0,3,1,Home Team Wins,2.0,1.0,Home Team Wins
37,21-05-2023,16:00,Manchester City,1.2,1Â0,1.2,Chelsea,53490.0,Etihad Stadium,Michael Oliver,2022-2023,1.25,6.0,11.0,1,0,Home Team Wins,2.0,1.0,Home Team Wins
37,20-05-2023,12:30,Tottenham,1.8,1Â3,1.3,Brentford,61514.0,Tottenham Hotspur Stadium,Jarred Gillett,2022-2023,1.83,3.9,4.0,1,3,Away Team Wins,2.0,1.0,Home Team Wins
37,20-05-2023,15:00,Liverpool,0.7,1Â1,1.3,Aston Villa,53306.0,Anfield,John Brooks,2022-2023,1.45,5.0,6.25,1,1,Draw,1.0,1.0,Draw
37,20-05-2023,15:00,Fulham,1.7,2Â2,1.6,Crystal Palace,24356.0,Craven Cottage,Joshua Smith,2022-2023,2.45,3.4,2.9,2,2,Draw,2.0,2.0,Draw
37,20-05-2023,15:00,Bournemouth,1.0,0Â1,1.4,Manchester Utd,10240.0,Vitality Stadium,Chris Kavanagh,2022-2023,6.0,4.75,1.5,0,1,Away Team Wins,1.0,1.0,Draw
37,20-05-2023,15:00,Wolves,1.6,1Â1,2.0,Everton,31684.0,Molineux Stadium,David Coote,2022-2023,2.75,3.3,2.6,1,1,Draw,2.0,2.0,Draw
37,20-05-2023,17:30,Nott'ham Forest,0.6,1Â0,0.6,Arsenal,29514.0,The City Ground,Anthony Taylor,2022-2023,5.25,4.33,1.57,1,0,Home Team Wins,1.0,1.0,Draw
25,18-05-2023,19:30,Newcastle Utd,3.6,4Â1,0.5,Brighton,52122.0,St James' Park,Robert Jones,2022-2023,2.0,3.8,3.5,4,1,Home Team Wins,3.0,0.0,Home Team Wins
36,15-05-2023,20:00,Leicester City,0.4,0Â3,2.2,Liverpool,32225.0,King Power Stadium,Craig Pawson,2022-2023,5.25,4.33,1.57,0,3,Away Team Wins,0.0,2.0,Away Team Wins
36,14-05-2023,14:00,Everton,1.6,0Â3,0.8,Manchester City,39376.0,Goodison Park,Anthony Taylor,2022-2023,9.0,4.75,1.36,0,3,Away Team Wins,1.0,1.0,Draw
36,14-05-2023,14:00,Brentford,3.4,2Â0,0.2,West Ham,17075.0,Brentford Community Stadium,Michael Oliver,2022-2023,2.0,3.5,3.6,2,0,Home Team Wins,2.0,0.0,Home Team Wins
36,14-05-2023,16:30,Arsenal,0.9,0Â3,1.7,Brighton,60139.0,Emirates Stadium,Andy Madley,2022-2023,1.73,4.2,4.2,0,3,Away Team Wins,1.0,2.0,Away Team Wins
36,13-05-2023,12:30,Leeds United,2.1,2Â2,2.4,Newcastle Utd,36955.0,Elland Road,Simon Hooper,2022-2023,4.33,4.2,1.7,2,2,Draw,2.0,2.0,Draw
36,13-05-2023,15:00,Aston Villa,1.2,2Â1,1.4,Tottenham,42164.0,Villa Park,Peter Bankes,2022-2023,2.25,3.6,2.9,2,1,Home Team Wins,1.0,2.0,Away Team Wins
36,13-05-2023,15:00,Chelsea,1.2,2Â2,1.3,Nott'ham Forest,40030.0,Stamford Bridge,Paul Tierney,2022-2023,1.5,4.5,6.0,2,2,Draw,1.0,1.0,Draw
36,13-05-2023,15:00,Crystal Palace,1.5,2Â0,0.3,Bournemouth,25034.0,Selhurst Park,Michael Salisbury,2022-2023,1.83,3.6,4.2,2,0,Home Team Wins,2.0,0.0,Home Team Wins
36,13-05-2023,15:00,Southampton,0.4,0Â2,1.4,Fulham,28978.0,St. Mary's Stadium,Thomas Bramall,2022-2023,2.75,3.3,2.5,0,2,Away Team Wins,1.0,1.0,Draw
36,13-05-2023,15:00,Manchester Utd,3.2,2Â0,0.3,Wolves,73570.0,Old Trafford,John Brooks,2022-2023,1.36,5.0,7.5,2,0,Home Team Wins,3.0,0.0,Home Team Wins
35,08-05-2023,15:00,Fulham,1.6,5Â3,2.8,Leicester City,24442.0,Craven Cottage,Robert Jones,2022-2023,2.63,3.5,2.6,5,3,Home Team Wins,1.0,3.0,Away Team Wins
35,08-05-2023,17:30,Brighton,3.2,1Â5,2.3,Everton,31567.0,The American Express Community Stadium,Simon Hooper,2022-2023,1.33,5.25,9.0,1,5,Away Team Wins,2.0,2.0,Draw
35,08-05-2023,20:00,Nott'ham Forest,1.8,4Â3,3.1,Southampton,29154.0,The City Ground,Michael Oliver,2022-2023,2.1,3.6,3.4,4,3,Home Team Wins,2.0,3.0,Away Team Wins
35,07-05-2023,16:30,Newcastle Utd,1.3,0Â2,1.3,Arsenal,50267.0,St James' Park,Chris Kavanagh,2022-2023,2.45,3.75,2.63,0,2,Away Team Wins,1.0,1.0,Draw
35,07-05-2023,19:00,West Ham,1.3,1Â0,1.2,Manchester Utd,62477.0,London Stadium,Peter Bankes,2022-2023,3.4,3.75,2.05,1,0,Home Team Wins,2.0,1.0,Home Team Wins
35,06-05-2023,15:00,Tottenham,0.9,1Â0,0.4,Crystal Palace,61093.0,Tottenham Hotspur Stadium,Darren England,2022-2023,1.8,3.8,4.2,1,0,Home Team Wins,1.0,0.0,Home Team Wins
35,06-05-2023,15:00,Wolves,0.8,1Â0,1.5,Aston Villa,31641.0,Molineux Stadium,Stuart Attwell,2022-2023,2.88,3.3,2.5,1,0,Home Team Wins,1.0,2.0,Away Team Wins
35,06-05-2023,15:00,Bournemouth,1.2,1Â3,1.3,Chelsea,10357.0,Vitality Stadium,John Brooks,2022-2023,3.3,3.5,2.15,1,3,Away Team Wins,1.0,1.0,Draw
35,06-05-2023,15:00,Manchester City,2.6,2Â1,0.2,Leeds United,53406.0,Etihad Stadium,Andy Madley,2022-2023,1.17,8.5,15.0,2,1,Home Team Wins,4.0,1.0,Home Team Wins
35,06-05-2023,17:30,Liverpool,2.2,1Â0,0.2,Brentford,52838.0,Anfield,Anthony Taylor,2022-2023,1.44,5.0,6.0,1,0,Home Team Wins,3.0,0.0,Home Team Wins
28,04-05-2023,20:00,Brighton,2.3,1Â0,1.4,Manchester Utd,31577.0,The American Express Community Stadium,Andre Marriner,2022-2023,1.95,3.5,3.75,1,0,Home Team Wins,2.0,1.0,Home Team Wins
28,03-05-2023,20:00,Liverpool,1.8,1Â0,0.9,Fulham,52602.0,Anfield,Stuart Attwell,2022-2023,1.25,5.75,11.0,1,0,Home Team Wins,2.0,1.0,Home Team Wins
28,03-05-2023,20:00,Manchester City,2.3,3Â0,0.4,West Ham,53305.0,Etihad Stadium,John Brooks,2022-2023,1.2,7.0,13.0,3,0,Home Team Wins,2.0,0.0,Home Team Wins
34,02-05-2023,20:00,Arsenal,1.7,3Â1,0.8,Chelsea,60144.0,Emirates Stadium,Robert Jones,2022-2023,1.6,4.0,5.5,3,1,Home Team Wins,2.0,1.0,Home Team Wins
34,01-05-2023,20:00,Leicester City,3.4,2Â2,3.1,Everton,32173.0,King Power Stadium,Michael Oliver,2022-2023,2.0,3.5,3.75,2,2,Draw,3.0,3.0,Draw
34,30-04-2023,14:00,Manchester Utd,1.2,1Â0,0.6,Aston Villa,73592.0,Old Trafford,Jarred Gillett,2022-2023,1.73,3.9,4.6,1,0,Home Team Wins,1.0,1.0,Draw
34,30-04-2023,14:00,Bournemouth,1.9,4Â1,1.6,Leeds United,10434.0,Vitality Stadium,Chris Kavanagh,2022-2023,2.55,3.5,2.7,4,1,Home Team Wins,2.0,2.0,Draw
34,30-04-2023,14:00,Newcastle Utd,4.3,3Â1,0.8,Southampton,52234.0,St James' Park,Anthony Taylor,2022-2023,1.3,5.25,10.0,3,1,Home Team Wins,6.0,1.0,Home Team Wins
34,30-04-2023,14:00,Fulham,0.2,1Â2,2.5,Manchester City,24498.0,Craven Cottage,Simon Hooper,2022-2023,12.0,6.0,1.25,1,2,Away Team Wins,-0.0,3.0,Away Team Wins
34,30-04-2023,16:30,Liverpool,2.2,4Â3,2.0,Tottenham,53275.0,Anfield,Paul Tierney,2022-2023,1.53,4.5,5.75,4,3,Home Team Wins,3.0,3.0,Draw
34,29-04-2023,12:30,Crystal Palace,2.1,4Â3,1.7,West Ham,25148.0,Selhurst Park,Craig Pawson,2022-2023,2.63,3.25,2.75,4,3,Home Team Wins,2.0,2.0,Draw
34,29-04-2023,15:00,Brighton,3.3,6Â0,0.8,Wolves,31584.0,The American Express Community Stadium,David Coote,2022-2023,1.5,4.33,6.5,6,0,Home Team Wins,2.0,1.0,Home Team Wins
34,29-04-2023,15:00,Brentford,1.6,2Â1,0.7,Nott'ham Forest,17080.0,Brentford Community Stadium,Peter Bankes,2022-2023,1.65,3.8,5.5,2,1,Home Team Wins,1.0,1.0,Draw
33,27-04-2023,19:45,Everton,0.9,1Â4,2.4,Newcastle Utd,39248.0,Goodison Park,Andre Marriner,2022-2023,4.75,3.6,1.73,1,4,Away Team Wins,1.0,2.0,Away Team Wins
33,27-04-2023,19:45,Southampton,0.5,0Â1,0.9,Bournemouth,30414.0,St. Mary's Stadium,Darren England,2022-2023,2.25,3.4,3.2,0,1,Away Team Wins,1.0,1.0,Draw
33,27-04-2023,20:15,Tottenham,2.5,2Â2,2.0,Manchester Utd,61586.0,Tottenham Hotspur Stadium,Anthony Taylor,2022-2023,2.8,3.6,2.4,2,2,Draw,3.0,2.0,Home Team Wins
33,26-04-2023,19:30,Nott'ham Forest,2.4,3Â1,2.3,Brighton,28808.0,The City Ground,Jarred Gillett,2022-2023,6.0,4.2,1.53,3,1,Home Team Wins,2.0,2.0,Draw
33,26-04-2023,19:45,Chelsea,1.3,0Â2,1.1,Brentford,39929.0,Stamford Bridge,Andy Madley,2022-2023,1.7,4.0,4.75,0,2,Away Team Wins,2.0,1.0,Home Team Wins
33,26-04-2023,19:45,West Ham,0.8,1Â2,1.9,Liverpool,62473.0,London Stadium,Chris Kavanagh,2022-2023,3.9,3.9,1.85,1,2,Away Team Wins,1.0,2.0,Away Team Wins
33,26-04-2023,20:00,Manchester City,2.5,4Â1,0.5,Arsenal,53482.0,Etihad Stadium,Michael Oliver,2022-2023,1.55,4.5,5.25,4,1,Home Team Wins,3.0,1.0,Home Team Wins
33,25-04-2023,19:30,Wolves,1.4,2Â0,0.8,Crystal Palace,30294.0,Molineux Stadium,Robert Jones,2022-2023,2.45,3.2,3.0,2,0,Home Team Wins,1.0,1.0,Draw
33,25-04-2023,19:45,Aston Villa,1.0,1Â0,0.1,Fulham,41046.0,Villa Park,Thomas Bramall,2022-2023,1.75,4.0,4.2,1,0,Home Team Wins,2.0,0.0,Home Team Wins
33,25-04-2023,20:00,Leeds United,1.5,1Â1,2.1,Leicester City,36666.0,Elland Road,Paul Tierney,2022-2023,2.3,3.5,3.0,1,1,Draw,1.0,2.0,Away Team Wins
32,23-04-2023,14:00,Bournemouth,1.5,0Â4,2.4,West Ham,10465.0,Vitality Stadium,Anthony Taylor,2022-2023,2.88,3.2,2.55,0,4,Away Team Wins,2.0,2.0,Draw
32,23-04-2023,14:00,Newcastle Utd,3.7,6Â1,1.0,Tottenham,52252.0,St James' Park,David Coote,2022-2023,1.83,3.75,4.2,6,1,Home Team Wins,4.0,1.0,Home Team Wins
32,22-04-2023,12:30,Fulham,1.7,2Â1,0.8,Leeds United,24356.0,Craven Cottage,Peter Bankes,2022-2023,2.3,3.4,3.1,2,1,Home Team Wins,2.0,1.0,Home Team Wins
32,22-04-2023,15:00,Crystal Palace,0.5,0Â0,0.4,Everton,25202.0,Selhurst Park,John Brooks,2022-2023,2.05,3.2,3.75,0,0,Draw,1.0,0.0,Home Team Wins
32,22-04-2023,15:00,Brentford,2.7,1Â1,1.5,Aston Villa,17098.0,Brentford Community Stadium,Michael Salisbury,2022-2023,2.5,3.25,2.88,1,1,Draw,3.0,2.0,Home Team Wins
32,22-04-2023,15:00,Liverpool,2.8,3Â2,0.9,Nott'ham Forest,53254.0,Anfield,Michael Oliver,2022-2023,1.17,7.5,17.0,3,2,Home Team Wins,3.0,1.0,Home Team Wins
32,22-04-2023,15:00,Leicester City,2.4,2Â1,0.9,Wolves,32053.0,King Power Stadium,Andy Madley,2022-2023,2.38,3.3,3.0,2,1,Home Team Wins,3.0,1.0,Home Team Wins
32,21-04-2023,20:00,Arsenal,2.5,3Â3,1.3,Southampton,60175.0,Emirates Stadium,Simon Hooper,2022-2023,1.2,7.0,13.0,3,3,Draw,3.0,1.0,Home Team Wins
31,17-04-2023,20:00,Leeds United,1.4,1Â6,2.7,Liverpool,36657.0,Elland Road,Craig Pawson,2022-2023,4.2,4.2,1.73,1,6,Away Team Wins,1.0,3.0,Away Team Wins
31,16-04-2023,14:00,West Ham,1.8,2Â2,2.7,Arsenal,62481.0,London Stadium,David Coote,2022-2023,6.0,4.2,1.55,2,2,Draw,2.0,3.0,Away Team Wins
31,16-04-2023,16:30,Nott'ham Forest,0.7,0Â2,3.5,Manchester Utd,29435.0,The City Ground,Simon Hooper,2022-2023,5.5,4.0,1.62,0,2,Away Team Wins,1.0,3.0,Away Team Wins
31,15-04-2023,12:30,Aston Villa,1.9,3Â0,0.5,Newcastle Utd,42055.0,Villa Park,John Brooks,2022-2023,3.6,3.4,2.05,3,0,Home Team Wins,2.0,0.0,Home Team Wins
31,15-04-2023,15:00,Chelsea,0.5,1Â2,2.9,Brighton,40126.0,Stamford Bridge,Robert Jones,2022-2023,2.63,3.4,2.63,1,2,Away Team Wins,0.0,2.0,Away Team Wins
31,15-04-2023,15:00,Southampton,0.8,0Â2,0.9,Crystal Palace,30309.0,St. Mary's Stadium,Michael Oliver,2022-2023,2.8,3.1,2.7,0,2,Away Team Wins,1.0,1.0,Draw
31,15-04-2023,15:00,Wolves,0.8,2Â0,1.1,Brentford,30769.0,Molineux Stadium,Paul Tierney,2022-2023,2.45,3.1,3.0,2,0,Home Team Wins,1.0,1.0,Draw
31,15-04-2023,15:00,Tottenham,2.2,2Â3,1.3,Bournemouth,61369.0,Tottenham Hotspur Stadium,Andy Madley,2022-2023,1.45,4.5,7.0,2,3,Away Team Wins,3.0,1.0,Home Team Wins
31,15-04-2023,15:00,Everton,1.4,1Â3,1.8,Fulham,39241.0,Goodison Park,Anthony Taylor,2022-2023,2.05,3.4,3.7,1,3,Away Team Wins,2.0,1.0,Home Team Wins
31,15-04-2023,17:30,Manchester City,1.6,3Â1,2.3,Leicester City,53329.0,Etihad Stadium,Darren England,2022-2023,1.14,8.5,15.0,3,1,Home Team Wins,2.0,2.0,Draw
30,09-04-2023,14:00,Leeds United,0.9,1Â5,3.0,Crystal Palace,36427.0,Elland Road,Simon Hooper,2022-2023,2.1,3.4,3.6,1,5,Away Team Wins,0.0,3.0,Away Team Wins
30,09-04-2023,16:30,Liverpool,3.9,2Â2,1.4,Arsenal,53267.0,Anfield,Paul Tierney,2022-2023,2.88,3.6,2.38,2,2,Draw,4.0,1.0,Home Team Wins
30,08-04-2023,12:30,Manchester Utd,3.4,2Â0,1.0,Everton,73509.0,Old Trafford,Michael Oliver,2022-2023,1.5,4.33,6.5,2,0,Home Team Wins,3.0,1.0,Home Team Wins
30,08-04-2023,15:00,Fulham,0.7,0Â1,1.1,West Ham,24491.0,Craven Cottage,Jarred Gillett,2022-2023,2.8,3.25,2.63,0,1,Away Team Wins,0.0,1.0,Away Team Wins
30,08-04-2023,15:00,Aston Villa,1.3,2Â0,0.2,Nott'ham Forest,42076.0,Villa Park,Anthony Taylor,2022-2023,1.6,4.2,5.25,2,0,Home Team Wins,1.0,0.0,Home Team Wins
30,08-04-2023,15:00,Leicester City,0.7,0Â1,2.0,Bournemouth,32094.0,King Power Stadium,David Coote,2022-2023,1.83,3.75,4.2,0,1,Away Team Wins,1.0,2.0,Away Team Wins
30,08-04-2023,15:00,Brentford,2.6,1Â2,1.3,Newcastle Utd,17107.0,Brentford Community Stadium,Chris Kavanagh,2022-2023,3.6,3.4,2.05,1,2,Away Team Wins,3.0,1.0,Home Team Wins
30,08-04-2023,15:00,Wolves,0.6,1Â0,1.1,Chelsea,31614.0,Molineux Stadium,Peter Bankes,2022-2023,4.2,3.5,1.91,1,0,Home Team Wins,1.0,1.0,Draw
30,08-04-2023,15:00,Tottenham,0.8,2Â1,1.4,Brighton,61405.0,Tottenham Hotspur Stadium,Stuart Attwell,2022-2023,2.55,3.5,2.7,2,1,Home Team Wins,1.0,1.0,Draw
30,08-04-2023,17:30,Southampton,0.4,1Â4,2.9,Manchester City,30963.0,St. Mary's Stadium,Robert Jones,2022-2023,11.0,6.0,1.25,1,4,Away Team Wins,0.0,3.0,Away Team Wins
7,05-04-2023,20:00,West Ham,1.0,1Â5,3.3,Newcastle Utd,62481.0,London Stadium,Craig Pawson,2022-2023,3.6,3.25,2.15,1,5,Away Team Wins,1.0,3.0,Away Team Wins
25,05-04-2023,20:00,Manchester Utd,1.2,1Â0,0.7,Brentford,73309.0,Old Trafford,John Brooks,2022-2023,1.65,4.0,5.0,1,0,Home Team Wins,2.0,1.0,Home Team Wins
7,04-04-2023,19:45,Leeds United,1.8,2Â1,0.8,Nott'ham Forest,36740.0,Elland Road,Robert Jones,2022-2023,1.7,3.75,5.0,2,1,Home Team Wins,2.0,1.0,Home Team Wins
7,04-04-2023,19:45,Bournemouth,1.7,0Â2,2.7,Brighton,10266.0,Vitality Stadium,Darren Bond,2022-2023,6.0,4.2,1.53,0,2,Away Team Wins,2.0,2.0,Draw
7,04-04-2023,19:45,Leicester City,0.5,1Â2,1.0,Aston Villa,32087.0,King Power Stadium,Graham Scott,2022-2023,2.55,3.3,2.75,1,2,Away Team Wins,1.0,1.0,Draw
8,04-04-2023,20:00,Chelsea,2.2,0Â0,0.3,Liverpool,40093.0,Stamford Bridge,Anthony Taylor,2022-2023,2.2,3.4,3.25,0,0,Draw,2.0,1.0,Home Team Wins
29,03-04-2023,20:00,Everton,0.9,1Â1,1.4,Tottenham,39294.0,Goodison Park,David Coote,2022-2023,3.4,3.3,2.2,1,1,Draw,1.0,2.0,Away Team Wins
29,02-04-2023,14:00,West Ham,1.4,1Â0,0.3,Southampton,62498.0,London Stadium,Paul Tierney,2022-2023,1.73,3.6,5.0,1,0,Home Team Wins,2.0,0.0,Home Team Wins
29,02-04-2023,16:30,Newcastle Utd,3.7,2Â0,0.4,Manchester Utd,52268.0,St James' Park,Stuart Attwell,2022-2023,2.4,3.4,2.9,2,0,Home Team Wins,4.0,0.0,Home Team Wins
29,01-04-2023,12:30,Manchester City,2.9,4Â1,0.3,Liverpool,52877.0,Etihad Stadium,Simon Hooper,2022-2023,1.62,4.2,5.0,4,1,Home Team Wins,3.0,1.0,Home Team Wins
29,01-04-2023,15:00,Arsenal,3.8,4Â1,0.7,Leeds United,60283.0,Emirates Stadium,Darren England,2022-2023,1.29,6.0,9.0,4,1,Home Team Wins,4.0,1.0,Home Team Wins
29,01-04-2023,15:00,Nott'ham Forest,1.3,1Â1,0.5,Wolves,29368.0,The City Ground,Chris Kavanagh,2022-2023,3.0,3.1,2.55,1,1,Draw,1.0,0.0,Home Team Wins
29,01-04-2023,15:00,Brighton,4.2,3Â3,1.6,Brentford,31493.0,The American Express Community Stadium,Michael Oliver,2022-2023,1.67,4.0,5.0,3,3,Draw,4.0,2.0,Home Team Wins
29,01-04-2023,15:00,Crystal Palace,2.3,2Â1,0.2,Leicester City,25147.0,Selhurst Park,Tim Robinson,2022-2023,2.5,3.25,2.9,2,1,Home Team Wins,2.0,1.0,Home Team Wins
29,01-04-2023,15:00,Bournemouth,2.6,2Â1,0.8,Fulham,10305.0,Vitality Stadium,Peter Bankes,2022-2023,2.55,3.3,2.8,2,1,Home Team Wins,3.0,0.0,Home Team Wins
29,01-04-2023,17:30,Chelsea,2.1,0Â2,0.9,Aston Villa,40082.0,Stamford Bridge,Andy Madley,2022-2023,1.67,3.8,5.25,0,2,Away Team Wins,2.0,1.0,Home Team Wins
28,19-03-2023,14:00,Arsenal,1.6,4Â1,0.8,Crystal Palace,60247.0,Emirates Stadium,Stuart Attwell,2022-2023,1.25,5.5,15.0,4,1,Home Team Wins,2.0,1.0,Home Team Wins
28,18-03-2023,15:00,Wolves,2.7,2Â4,1.6,Leeds United,31570.0,Molineux Stadium,Michael Salisbury,2022-2023,2.25,3.2,3.3,2,4,Away Team Wins,3.0,2.0,Home Team Wins
28,18-03-2023,15:00,Brentford,0.6,1Â1,1.3,Leicester City,17006.0,Brentford Community Stadium,Darren Bond,2022-2023,1.91,3.6,3.75,1,1,Draw,1.0,1.0,Draw
28,18-03-2023,15:00,Aston Villa,3.5,3Â0,1.3,Bournemouth,41021.0,Villa Park,Robert Jones,2022-2023,1.7,3.8,5.0,3,0,Home Team Wins,3.0,1.0,Home Team Wins
28,18-03-2023,15:00,Southampton,2.4,3Â3,2.3,Tottenham,30157.0,St. Mary's Stadium,Simon Hooper,2022-2023,4.75,3.6,1.75,3,3,Draw,2.0,3.0,Away Team Wins
28,18-03-2023,17:30,Chelsea,2.3,2Â2,1.2,Everton,40025.0,Stamford Bridge,Darren England,2022-2023,1.5,4.2,7.5,2,2,Draw,2.0,1.0,Home Team Wins
28,17-03-2023,20:00,Nott'ham Forest,0.4,1Â2,2.4,Newcastle Utd,29362.0,The City Ground,Paul Tierney,2022-2023,5.5,3.8,1.62,1,2,Away Team Wins,1.0,2.0,Away Team Wins
7,15-03-2023,19:30,Southampton,0.5,0Â2,1.9,Brentford,30438.0,St. Mary's Stadium,Michael Salisbury,2022-2023,2.88,3.25,2.5,0,2,Away Team Wins,1.0,2.0,Away Team Wins
8,15-03-2023,19:30,Brighton,0.6,1Â0,1.1,Crystal Palace,30933.0,The American Express Community Stadium,Peter Bankes,2022-2023,1.44,4.2,8.0,1,0,Home Team Wins,1.0,2.0,Away Team Wins
27,12-03-2023,14:00,Manchester Utd,0.8,0Â0,1.0,Southampton,73439.0,Old Trafford,Anthony Taylor,2022-2023,1.36,5.0,9.0,0,0,Draw,1.0,1.0,Draw
27,12-03-2023,14:00,Fulham,0.8,0Â3,2.3,Arsenal,24426.0,Craven Cottage,David Coote,2022-2023,6.0,4.0,1.57,0,3,Away Team Wins,1.0,3.0,Away Team Wins
27,12-03-2023,14:00,West Ham,2.1,1Â1,1.5,Aston Villa,62472.0,London Stadium,Chris Kavanagh,2022-2023,2.2,3.3,3.4,1,1,Draw,2.0,2.0,Draw
27,12-03-2023,16:30,Newcastle Utd,1.8,2Â1,1.1,Wolves,52240.0,St James' Park,Andy Madley,2022-2023,1.65,3.75,5.5,2,1,Home Team Wins,2.0,1.0,Home Team Wins
27,11-03-2023,12:30,Bournemouth,0.9,1Â0,1.7,Liverpool,10536.0,Vitality Stadium,John Brooks,2022-2023,7.5,5.0,1.4,1,0,Home Team Wins,1.0,2.0,Away Team Wins
27,11-03-2023,15:00,Leeds United,0.9,2Â2,2.7,Brighton,36471.0,Elland Road,Paul Tierney,2022-2023,3.75,3.6,1.95,2,2,Draw,0.0,2.0,Away Team Wins
27,11-03-2023,15:00,Everton,1.0,1Â0,2.0,Brentford,39274.0,Goodison Park,Simon Hooper,2022-2023,2.7,3.25,2.7,1,0,Home Team Wins,1.0,2.0,Away Team Wins
27,11-03-2023,15:00,Leicester City,2.4,1Â3,1.6,Chelsea,32170.0,King Power Stadium,Andre Marriner,2022-2023,3.75,3.5,1.95,1,3,Away Team Wins,3.0,2.0,Home Team Wins
27,11-03-2023,15:00,Tottenham,2.0,3Â1,1.5,Nott'ham Forest,61460.0,Tottenham Hotspur Stadium,Craig Pawson,2022-2023,1.44,4.75,7.0,3,1,Home Team Wins,2.0,2.0,Draw
27,11-03-2023,17:30,Crystal Palace,0.2,0Â1,2.1,Manchester City,25844.0,Selhurst Park,Robert Jones,2022-2023,9.0,4.75,1.36,0,1,Away Team Wins,0.0,2.0,Away Team Wins
26,06-03-2023,20:00,Brentford,2.2,3Â2,1.4,Fulham,17025.0,Brentford Community Stadium,Anthony Taylor,2022-2023,1.95,3.6,3.75,3,2,Home Team Wins,2.0,1.0,Home Team Wins
26,05-03-2023,14:00,Nott'ham Forest,0.8,2Â2,1.7,Everton,29353.0,The City Ground,John Brooks,2022-2023,2.7,3.0,2.88,2,2,Draw,1.0,2.0,Away Team Wins
26,05-03-2023,16:30,Liverpool,2.8,7Â0,0.8,Manchester Utd,53001.0,Anfield,Andy Madley,2022-2023,2.38,3.6,2.88,7,0,Home Team Wins,3.0,1.0,Home Team Wins
26,04-03-2023,12:30,Manchester City,1.3,2Â0,0.4,Newcastle Utd,53419.0,Etihad Stadium,Simon Hooper,2022-2023,1.45,4.5,7.0,2,0,Home Team Wins,1.0,0.0,Home Team Wins
26,04-03-2023,15:00,Arsenal,2.1,3Â2,1.3,Bournemouth,60222.0,Emirates Stadium,Chris Kavanagh,2022-2023,1.22,7.0,12.0,3,2,Home Team Wins,2.0,1.0,Home Team Wins
26,04-03-2023,15:00,Aston Villa,1.2,1Â0,0.2,Crystal Palace,41893.0,Villa Park,Craig Pawson,2022-2023,2.05,3.3,3.8,1,0,Home Team Wins,1.0,0.0,Home Team Wins
26,04-03-2023,15:00,Chelsea,1.5,1Â0,1.0,Leeds United,39905.0,Stamford Bridge,Michael Oliver,2022-2023,1.62,4.0,5.5,1,0,Home Team Wins,1.0,1.0,Draw
26,04-03-2023,15:00,Brighton,3.5,4Â0,0.3,West Ham,31523.0,The American Express Community Stadium,Stuart Attwell,2022-2023,1.8,3.6,4.5,4,0,Home Team Wins,2.0,0.0,Home Team Wins
26,04-03-2023,15:00,Wolves,0.5,1Â0,1.2,Tottenham,31585.0,Molineux Stadium,Tim Robinson,2022-2023,3.3,3.4,2.2,1,0,Home Team Wins,1.0,2.0,Away Team Wins
26,04-03-2023,17:30,Southampton,1.4,1Â0,1.9,Leicester City,30139.0,St. Mary's Stadium,Robert Jones,2022-2023,2.75,3.3,2.6,1,0,Home Team Wins,1.0,2.0,Away Team Wins
7,01-03-2023,19:45,Arsenal,2.6,4Â0,1.2,Everton,60213.0,Emirates Stadium,Michael Oliver,2022-2023,1.36,4.75,10.0,4,0,Home Team Wins,3.0,1.0,Home Team Wins
7,01-03-2023,20:00,Liverpool,2.6,2Â0,0.8,Wolves,53259.0,Anfield,Paul Tierney,2022-2023,1.5,4.75,6.0,2,0,Home Team Wins,3.0,1.0,Home Team Wins
25,26-02-2023,13:30,Tottenham,0.8,2Â0,0.4,Chelsea,61613.0,Tottenham Hotspur Stadium,Stuart Attwell,2022-2023,2.55,3.25,2.9,2,0,Home Team Wins,1.0,0.0,Home Team Wins
25,25-02-2023,15:00,Leicester City,0.0,0Â1,0.7,Arsenal,32227.0,King Power Stadium,Craig Pawson,2022-2023,4.75,4.0,1.7,0,1,Away Team Wins,0.0,1.0,Away Team Wins
25,25-02-2023,15:00,Everton,1.6,0Â2,1.9,Aston Villa,39309.0,Goodison Park,Anthony Taylor,2022-2023,2.5,3.2,3.0,0,2,Away Team Wins,1.0,2.0,Away Team Wins
25,25-02-2023,15:00,West Ham,2.7,4Â0,0.4,Nott'ham Forest,62469.0,London Stadium,Jarred Gillett,2022-2023,1.75,3.6,5.0,4,0,Home Team Wins,3.0,0.0,Home Team Wins
25,25-02-2023,15:00,Leeds United,0.9,1Â0,0.4,Southampton,36641.0,Elland Road,Peter Bankes,2022-2023,1.95,3.5,4.0,1,0,Home Team Wins,1.0,0.0,Home Team Wins
25,25-02-2023,17:30,Bournemouth,1.0,1Â4,2.4,Manchester City,10481.0,Vitality Stadium,Paul Tierney,2022-2023,10.0,5.75,1.29,1,4,Away Team Wins,1.0,2.0,Away Team Wins
25,25-02-2023,19:45,Crystal Palace,0.7,0Â0,0.9,Liverpool,25842.0,Selhurst Park,Darren England,2022-2023,4.75,3.8,1.73,0,0,Draw,1.0,1.0,Draw
25,24-02-2023,20:00,Fulham,0.5,1Â1,0.8,Wolves,24399.0,Craven Cottage,Michael Oliver,2022-2023,2.5,3.2,3.0,1,1,Draw,0.0,1.0,Away Team Wins
24,19-02-2023,14:00,Manchester Utd,4.4,3Â0,1.6,Leicester City,73578.0,Old Trafford,Stuart Attwell,2022-2023,1.62,4.33,5.25,3,0,Home Team Wins,5.0,2.0,Home Team Wins
24,19-02-2023,16:30,Tottenham,1.5,2Â0,0.5,West Ham,61476.0,Tottenham Hotspur Stadium,Michael Oliver,2022-2023,1.75,3.6,4.75,2,0,Home Team Wins,2.0,0.0,Home Team Wins
24,18-02-2023,12:30,Aston Villa,0.5,2Â4,3.2,Arsenal,42066.0,Villa Park,Simon Hooper,2022-2023,4.5,3.6,1.5,2,4,Away Team Wins,0.0,3.0,Away Team Wins
24,18-02-2023,15:00,Brighton,2.2,0Â1,0.3,Fulham,31619.0,The American Express Community Stadium,Darren England,2022-2023,1.65,3.8,5.5,0,1,Away Team Wins,1.0,0.0,Home Team Wins
24,18-02-2023,15:00,Nott'ham Forest,0.9,1Â1,2.4,Manchester City,29365.0,The City Ground,Graham Scott,2022-2023,8.5,5.5,1.3,1,1,Draw,1.0,2.0,Away Team Wins
24,18-02-2023,15:00,Chelsea,1.6,0Â1,0.6,Southampton,40152.0,Stamford Bridge,David Coote,2022-2023,1.4,4.75,8.5,0,1,Away Team Wins,2.0,1.0,Home Team Wins
24,18-02-2023,15:00,Everton,1.4,1Â0,0.5,Leeds United,39232.0,Goodison Park,Andy Madley,2022-2023,2.4,3.3,3.0,1,0,Home Team Wins,1.0,1.0,Draw
24,18-02-2023,15:00,Wolves,1.3,0Â1,1.1,Bournemouth,31222.0,Molineux Stadium,Michael Salisbury,2022-2023,1.67,3.6,6.0,0,1,Away Team Wins,2.0,1.0,Home Team Wins
24,18-02-2023,15:00,Brentford,0.9,1Â1,1.1,Crystal Palace,17122.0,Brentford Community Stadium,Paul Tierney,2022-2023,1.83,3.5,4.5,1,1,Draw,1.0,1.0,Draw
24,18-02-2023,17:30,Newcastle Utd,2.0,0Â2,1.9,Liverpool,52758.0,St James' Park,Anthony Taylor,2022-2023,2.5,3.5,2.7,0,2,Away Team Wins,2.0,2.0,Draw
12,15-02-2023,19:30,Arsenal,1.6,1Â3,1.8,Manchester City,60276.0,Emirates Stadium,Anthony Taylor,2022-2023,2.9,3.5,2.35,1,3,Away Team Wins,2.0,2.0,Draw
23,13-02-2023,20:00,Liverpool,2.3,2Â0,0.4,Everton,53027.0,Anfield,Simon Hooper,2022-2023,1.5,4.33,6.5,2,0,Home Team Wins,3.0,0.0,Home Team Wins
23,12-02-2023,14:00,Leeds United,1.8,0Â2,1.1,Manchester Utd,36919.0,Elland Road,Paul Tierney,2022-2023,3.75,3.8,1.91,0,2,Away Team Wins,2.0,1.0,Home Team Wins
23,12-02-2023,16:30,Manchester City,3.3,3Â1,0.3,Aston Villa,53392.0,Etihad Stadium,Robert Jones,2022-2023,1.25,6.5,11.0,3,1,Home Team Wins,3.0,0.0,Home Team Wins
23,11-02-2023,12:30,West Ham,1.3,1Â1,1.1,Chelsea,62471.0,London Stadium,Craig Pawson,2022-2023,3.3,3.3,2.25,1,1,Draw,2.0,1.0,Home Team Wins
23,11-02-2023,15:00,Leicester City,1.7,4Â1,1.3,Tottenham,32184.0,King Power Stadium,Michael Salisbury,2022-2023,3.4,3.6,2.1,4,1,Home Team Wins,2.0,2.0,Draw
23,11-02-2023,15:00,Crystal Palace,1.1,1Â1,2.5,Brighton,24827.0,Selhurst Park,Michael Oliver,2022-2023,3.8,3.5,2.0,1,1,Draw,1.0,2.0,Away Team Wins
23,11-02-2023,15:00,Arsenal,1.6,1Â1,2.0,Brentford,60254.0,Emirates Stadium,Peter Bankes,2022-2023,1.44,4.75,7.0,1,1,Draw,2.0,2.0,Draw
23,11-02-2023,15:00,Southampton,1.1,1Â2,0.8,Wolves,29751.0,St. Mary's Stadium,Jarred Gillett,2022-2023,2.9,3.2,2.55,1,2,Away Team Wins,1.0,1.0,Draw
23,11-02-2023,15:00,Fulham,1.5,2Â0,0.7,Nott'ham Forest,24244.0,Craven Cottage,Andy Madley,2022-2023,1.91,3.5,4.33,2,0,Home Team Wins,1.0,1.0,Draw
23,11-02-2023,17:30,Bournemouth,1.5,1Â1,1.3,Newcastle Utd,10419.0,Vitality Stadium,Stuart Attwell,2022-2023,6.5,4.0,1.53,1,1,Draw,1.0,1.0,Draw
8,08-02-2023,20:00,Manchester Utd,2.0,2Â2,0.6,Leeds United,73456.0,Old Trafford,Simon Hooper,2022-2023,1.45,5.0,6.0,2,2,Draw,3.0,1.0,Home Team Wins
22,05-02-2023,14:00,Nott'ham Forest,0.4,1Â0,0.9,Leeds United,29363.0,The City Ground,Robert Jones,2022-2023,2.63,3.3,2.7,1,0,Home Team Wins,1.0,1.0,Draw
22,05-02-2023,16:30,Tottenham,1.4,1Â0,1.3,Manchester City,61747.0,Tottenham Hotspur Stadium,Andy Madley,2022-2023,4.33,4.2,1.73,1,0,Home Team Wins,1.0,1.0,Draw
22,04-02-2023,12:30,Everton,1.7,1Â0,0.9,Arsenal,39314.0,Goodison Park,David Coote,2022-2023,8.5,4.5,1.4,1,0,Home Team Wins,2.0,1.0,Home Team Wins
22,04-02-2023,15:00,Aston Villa,1.7,2Â4,2.6,Leicester City,42055.0,Villa Park,Darren England,2022-2023,1.95,3.6,3.8,2,4,Away Team Wins,2.0,3.0,Away Team Wins
22,04-02-2023,15:00,Wolves,2.0,3Â0,1.8,Liverpool,31664.0,Molineux Stadium,Paul Tierney,2022-2023,4.0,3.8,1.85,3,0,Home Team Wins,2.0,2.0,Draw
22,04-02-2023,15:00,Manchester Utd,2.0,2Â1,1.3,Crystal Palace,73420.0,Old Trafford,Andre Marriner,2022-2023,1.4,4.75,8.0,2,1,Home Team Wins,2.0,1.0,Home Team Wins
22,04-02-2023,15:00,Brighton,2.2,1Â0,1.1,Bournemouth,31600.0,The American Express Community Stadium,Craig Pawson,2022-2023,1.33,5.25,8.5,1,0,Home Team Wins,2.0,1.0,Home Team Wins
22,04-02-2023,15:00,Brentford,2.2,3Â0,0.7,Southampton,17051.0,Brentford Community Stadium,Darren Bond,2022-2023,1.85,3.6,4.2,3,0,Home Team Wins,2.0,1.0,Home Team Wins
22,04-02-2023,17:30,Newcastle Utd,1.0,1Â1,1.0,West Ham,52256.0,St James' Park,Peter Bankes,2022-2023,1.6,3.8,6.0,1,1,Draw,1.0,1.0,Draw
22,03-02-2023,20:00,Chelsea,1.3,0Â0,0.6,Fulham,40041.0,Stamford Bridge,Stuart Attwell,2022-2023,1.62,4.0,5.25,0,0,Draw,2.0,0.0,Home Team Wins
21,23-01-2023,20:00,Fulham,1.0,0Â1,0.9,Tottenham,24190.0,Craven Cottage,Paul Tierney,2022-2023,3.3,3.6,2.1,0,1,Away Team Wins,1.0,1.0,Draw
21,22-01-2023,14:00,Manchester City,2.8,3Â0,0.8,Wolves,53282.0,Etihad Stadium,David Coote,2022-2023,1.2,8.0,11.0,3,0,Home Team Wins,3.0,1.0,Home Team Wins
21,22-01-2023,14:00,Leeds United,0.5,0Â0,0.4,Brentford,36260.0,Elland Road,Peter Bankes,2022-2023,2.38,3.6,2.88,0,0,Draw,1.0,1.0,Draw
21,22-01-2023,16:30,Arsenal,3.1,3Â2,0.4,Manchester Utd,60325.0,Emirates Stadium,Anthony Taylor,2022-2023,1.8,3.8,4.2,3,2,Home Team Wins,3.0,0.0,Home Team Wins
21,21-01-2023,12:30,Liverpool,1.4,0Â0,1.6,Chelsea,53126.0,Anfield,Michael Oliver,2022-2023,1.85,3.75,4.0,0,0,Draw,2.0,2.0,Draw
21,21-01-2023,15:00,Bournemouth,1.4,1Â1,1.9,Nott'ham Forest,10248.0,Vitality Stadium,Andy Madley,2022-2023,2.75,3.1,2.75,1,1,Draw,1.0,2.0,Away Team Wins
21,21-01-2023,15:00,Southampton,0.6,0Â1,1.4,Aston Villa,30158.0,St. Mary's Stadium,Michael Salisbury,2022-2023,2.88,3.25,2.55,0,1,Away Team Wins,1.0,1.0,Draw
21,21-01-2023,15:00,Leicester City,0.9,2Â2,1.7,Brighton,32056.0,King Power Stadium,Thomas Bramall,2022-2023,3.6,3.5,2.05,2,2,Draw,1.0,2.0,Away Team Wins
21,21-01-2023,15:00,West Ham,2.2,2Â0,0.5,Everton,62470.0,London Stadium,Stuart Attwell,2022-2023,1.8,3.75,4.75,2,0,Home Team Wins,2.0,1.0,Home Team Wins
21,21-01-2023,17:30,Crystal Palace,0.3,0Â0,1.2,Newcastle Utd,25350.0,Selhurst Park,Craig Pawson,2022-2023,4.4,3.5,1.85,0,0,Draw,0.0,1.0,Away Team Wins
7,19-01-2023,20:00,Manchester City,2.3,4Â2,0.8,Tottenham,53088.0,Etihad Stadium,Simon Hooper,2022-2023,1.36,5.0,8.5,4,2,Home Team Wins,3.0,1.0,Home Team Wins
7,18-01-2023,20:00,Crystal Palace,0.5,1Â1,2.1,Manchester Utd,23343.0,Selhurst Park,Robert Jones,2022-2023,4.5,3.6,1.8,1,1,Draw,1.0,2.0,Away Team Wins
20,15-01-2023,14:00,Chelsea,1.5,1Â0,0.7,Crystal Palace,40075.0,Stamford Bridge,Peter Bankes,2022-2023,1.62,4.0,5.25,1,0,Home Team Wins,1.0,1.0,Draw
20,15-01-2023,14:00,Newcastle Utd,2.2,1Â0,1.1,Fulham,52247.0,St James' Park,Robert Jones,2022-2023,1.5,4.33,6.5,1,0,Home Team Wins,2.0,1.0,Home Team Wins
20,15-01-2023,16:30,Tottenham,1.6,0Â2,1.8,Arsenal,61870.0,Tottenham Hotspur Stadium,Craig Pawson,2022-2023,3.1,3.6,2.2,0,2,Away Team Wins,2.0,2.0,Draw
20,14-01-2023,12:30,Manchester Utd,1.7,2Â1,0.6,Manchester City,75546.0,Old Trafford,Stuart Attwell,2022-2023,4.2,3.6,1.85,2,1,Home Team Wins,2.0,1.0,Home Team Wins
20,14-01-2023,15:00,Everton,1.4,1Â2,1.2,Southampton,39305.0,Goodison Park,John Brooks,2022-2023,2.25,3.25,3.3,1,2,Away Team Wins,2.0,1.0,Home Team Wins
20,14-01-2023,15:00,Wolves,0.9,1Â0,1.1,West Ham,31511.0,Molineux Stadium,Simon Hooper,2022-2023,2.63,3.3,2.7,1,0,Home Team Wins,1.0,1.0,Draw
20,14-01-2023,15:00,Nott'ham Forest,2.4,2Â0,1.0,Leicester City,29301.0,The City Ground,Paul Tierney,2022-2023,2.7,3.3,2.63,2,0,Home Team Wins,2.0,1.0,Home Team Wins
20,14-01-2023,15:00,Brighton,1.9,3Â0,1.0,Liverpool,31645.0,The American Express Community Stadium,Darren England,2022-2023,3.4,3.6,2.1,3,0,Home Team Wins,1.0,1.0,Draw
20,14-01-2023,17:30,Brentford,1.4,2Â0,0.6,Bournemouth,17031.0,Brentford Community Stadium,Jarred Gillett,2022-2023,1.65,4.0,5.25,2,0,Home Team Wins,1.0,1.0,Draw
20,13-01-2023,20:00,Aston Villa,1.2,2Â1,2.4,Leeds United,42008.0,Villa Park,Michael Oliver,2022-2023,1.91,3.6,4.0,2,1,Home Team Wins,1.0,2.0,Away Team Wins
7,12-01-2023,20:00,Fulham,1.0,2Â1,2.1,Chelsea,24460.0,Craven Cottage,David Coote,2022-2023,3.3,3.5,2.15,2,1,Home Team Wins,1.0,2.0,Away Team Wins
19,05-01-2023,20:00,Chelsea,0.4,0Â1,2.1,Manchester City,39998.0,Stamford Bridge,Paul Tierney,2022-2023,5.0,4.0,1.67,0,1,Away Team Wins,1.0,2.0,Away Team Wins
19,04-01-2023,19:30,Southampton,0.5,0Â1,1.4,Nott'ham Forest,30150.0,St. Mary's Stadium,Thomas Bramall,2022-2023,2.0,3.5,3.8,0,1,Away Team Wins,1.0,1.0,Draw
19,04-01-2023,19:45,Leeds United,1.6,2Â2,1.4,West Ham,36173.0,Elland Road,David Coote,2022-2023,2.6,3.5,2.6,2,2,Draw,1.0,1.0,Draw
19,04-01-2023,20:00,Aston Villa,1.8,1Â1,0.9,Wolves,39978.0,Villa Park,Jarred Gillett,2022-2023,1.95,3.6,4.0,1,1,Draw,2.0,1.0,Home Team Wins
19,04-01-2023,20:00,Crystal Palace,0.8,0Â4,1.4,Tottenham,25132.0,Selhurst Park,Michael Oliver,2022-2023,3.4,3.5,2.15,0,4,Away Team Wins,1.0,2.0,Away Team Wins
19,03-01-2023,19:45,Leicester City,1.7,0Â1,1.7,Fulham,30813.0,King Power Stadium,Darren Bond,2022-2023,2.2,3.6,3.1,0,1,Away Team Wins,2.0,1.0,Home Team Wins
19,03-01-2023,19:45,Everton,1.3,1Â4,2.2,Brighton,39103.0,Goodison Park,Andre Marriner,2022-2023,3.5,3.5,2.1,1,4,Away Team Wins,1.0,2.0,Away Team Wins
19,03-01-2023,19:45,Arsenal,1.1,0Â0,1.0,Newcastle Utd,60319.0,Emirates Stadium,Andy Madley,2022-2023,1.8,3.8,4.33,0,0,Draw,1.0,1.0,Draw
19,03-01-2023,20:00,Manchester Utd,2.2,3Â0,0.6,Bournemouth,73322.0,Old Trafford,Michael Salisbury,2022-2023,1.29,5.5,11.0,3,0,Home Team Wins,2.0,1.0,Home Team Wins
19,02-01-2023,17:30,Brentford,1.7,3Â1,2.0,Liverpool,17163.0,Brentford Community Stadium,Stuart Attwell,2022-2023,5.5,4.33,1.55,3,1,Home Team Wins,2.0,2.0,Draw
18,01-01-2023,14:00,Tottenham,0.7,0Â2,1.0,Aston Villa,61651.0,Tottenham Hotspur Stadium,John Brooks,2022-2023,1.67,4.0,5.0,0,2,Away Team Wins,1.0,1.0,Draw
18,01-01-2023,16:30,Nott'ham Forest,1.4,1Â1,0.9,Chelsea,29229.0,The City Ground,Peter Bankes,2022-2023,5.0,3.8,1.7,1,1,Draw,1.0,1.0,Draw
18,31-12-2022,12:30,Wolves,0.7,0Â1,2.0,Manchester Utd,31658.0,Molineux Stadium,Robert Jones,2022-2023,4.0,3.6,1.91,0,1,Away Team Wins,1.0,2.0,Away Team Wins
18,31-12-2022,15:00,Newcastle Utd,2.2,0Â0,0.4,Leeds United,52211.0,St James' Park,Simon Hooper,2022-2023,1.45,4.5,7.0,0,0,Draw,2.0,1.0,Home Team Wins
18,31-12-2022,15:00,Fulham,1.5,2Â1,0.8,Southampton,24344.0,Craven Cottage,Graham Scott,2022-2023,1.95,3.6,3.75,2,1,Home Team Wins,2.0,1.0,Home Team Wins
18,31-12-2022,15:00,Manchester City,1.7,1Â1,0.1,Everton,53444.0,Etihad Stadium,Andy Madley,2022-2023,1.13,9.0,19.0,1,1,Draw,2.0,0.0,Home Team Wins
18,31-12-2022,15:00,Bournemouth,0.6,0Â2,1.6,Crystal Palace,9972.0,Vitality Stadium,Andre Marriner,2022-2023,2.8,3.3,2.5,0,2,Away Team Wins,1.0,2.0,Away Team Wins
18,31-12-2022,17:30,Brighton,1.2,2Â4,2.9,Arsenal,31647.0,The American Express Community Stadium,Anthony Taylor,2022-2023,3.4,3.5,2.1,2,4,Away Team Wins,1.0,3.0,Away Team Wins
18,30-12-2022,19:45,West Ham,1.3,0Â2,1.6,Brentford,62467.0,London Stadium,Darren England,2022-2023,2.0,3.6,3.6,0,2,Away Team Wins,2.0,2.0,Draw
18,30-12-2022,20:00,Liverpool,2.2,2Â1,1.0,Leicester City,53343.0,Anfield,Craig Pawson,2022-2023,1.29,6.0,9.5,2,1,Home Team Wins,2.0,1.0,Home Team Wins
17,28-12-2022,20:00,Leeds United,0.6,1Â3,4.3,Manchester City,36889.0,Elland Road,Stuart Attwell,2022-2023,9.5,6.0,1.29,1,3,Away Team Wins,0.0,4.0,Away Team Wins
17,27-12-2022,17:30,Chelsea,1.8,2Â0,0.5,Bournemouth,40046.0,Stamford Bridge,Simon Hooper,2022-2023,1.3,5.5,10.0,2,0,Home Team Wins,2.0,0.0,Home Team Wins
17,27-12-2022,20:00,Manchester Utd,2.4,3Â0,0.7,Nott'ham Forest,73608.0,Old Trafford,Anthony Taylor,2022-2023,1.29,5.5,11.0,3,0,Home Team Wins,2.0,1.0,Home Team Wins
17,26-12-2022,12:30,Brentford,2.0,2Â2,1.1,Tottenham,17137.0,Brentford Community Stadium,David Coote,2022-2023,4.0,3.6,1.91,2,2,Draw,2.0,2.0,Draw
17,26-12-2022,15:00,Southampton,1.9,1Â3,0.6,Brighton,31010.0,St. Mary's Stadium,Robert Jones,2022-2023,3.3,3.5,2.15,1,3,Away Team Wins,2.0,1.0,Home Team Wins
17,26-12-2022,15:00,Leicester City,0.5,0Â3,1.9,Newcastle Utd,32185.0,King Power Stadium,Jarred Gillett,2022-2023,3.25,3.5,2.2,0,3,Away Team Wins,1.0,2.0,Away Team Wins
17,26-12-2022,15:00,Crystal Palace,0.4,0Â3,2.5,Fulham,25176.0,Selhurst Park,Andy Madley,2022-2023,2.05,3.6,3.5,0,3,Away Team Wins,0.0,2.0,Away Team Wins
17,26-12-2022,15:00,Everton,1.7,1Â2,0.8,Wolves,39252.0,Goodison Park,Craig Pawson,2022-2023,2.3,3.25,3.2,1,2,Away Team Wins,2.0,1.0,Home Team Wins
17,26-12-2022,17:30,Aston Villa,1.4,1Â3,2.7,Liverpool,42085.0,Villa Park,Paul Tierney,2022-2023,4.75,4.0,1.7,1,3,Away Team Wins,1.0,3.0,Away Team Wins
17,26-12-2022,20:00,Arsenal,2.1,3Â1,1.0,West Ham,60125.0,Emirates Stadium,Michael Oliver,2022-2023,1.5,4.33,6.5,3,1,Home Team Wins,2.0,1.0,Home Team Wins
16,13-11-2022,14:00,Brighton,0.6,1Â2,1.5,Aston Villa,31581.0,The American Express Community Stadium,Chris Kavanagh,2022-2023,1.83,3.75,4.2,1,2,Away Team Wins,1.0,2.0,Away Team Wins
16,13-11-2022,16:30,Fulham,1.4,1Â2,2.5,Manchester Utd,24246.0,Craven Cottage,Paul Tierney,2022-2023,3.8,3.8,1.9,1,2,Away Team Wins,1.0,3.0,Away Team Wins
16,12-11-2022,12:30,Manchester City,1.6,1Â2,1.3,Brentford,52786.0,Etihad Stadium,Peter Bankes,2022-2023,1.14,8.0,17.0,1,2,Away Team Wins,2.0,1.0,Home Team Wins
16,12-11-2022,15:00,Tottenham,1.8,4Â3,1.1,Leeds United,61667.0,Tottenham Hotspur Stadium,Michael Salisbury,2022-2023,1.65,4.2,4.75,4,3,Home Team Wins,2.0,1.0,Home Team Wins
16,12-11-2022,15:00,Liverpool,1.9,3Â1,1.1,Southampton,53331.0,Anfield,Simon Hooper,2022-2023,1.25,6.5,11.0,3,1,Home Team Wins,3.0,1.0,Home Team Wins
16,12-11-2022,15:00,Bournemouth,2.4,3Â0,0.8,Everton,10382.0,Vitality Stadium,Craig Pawson,2022-2023,2.8,3.25,2.6,3,0,Home Team Wins,2.0,1.0,Home Team Wins
16,12-11-2022,15:00,West Ham,1.4,0Â2,1.8,Leicester City,62459.0,London Stadium,Jarred Gillett,2022-2023,2.05,3.4,3.75,0,2,Away Team Wins,2.0,2.0,Draw
16,12-11-2022,15:00,Nott'ham Forest,1.1,1Â0,1.2,Crystal Palace,29045.0,The City Ground,John Brooks,2022-2023,3.1,3.1,2.45,1,0,Home Team Wins,1.0,1.0,Draw
16,12-11-2022,17:30,Newcastle Utd,1.0,1Â0,0.3,Chelsea,52264.0,St James' Park,Robert Jones,2022-2023,2.35,3.4,3.0,1,0,Home Team Wins,1.0,0.0,Home Team Wins
16,12-11-2022,19:45,Wolves,0.7,0Â2,2.1,Arsenal,34624.0,Molineux Stadium,Stuart Attwell,2022-2023,6.0,4.2,1.55,0,2,Away Team Wins,1.0,2.0,Away Team Wins
15,06-11-2022,12:00,Chelsea,0.3,0Â1,2.1,Arsenal,40142.0,Stamford Bridge,Michael Oliver,2022-2023,2.55,3.4,2.7,0,1,Away Team Wins,0.0,2.0,Away Team Wins
15,06-11-2022,14:00,West Ham,0.3,1Â2,1.0,Crystal Palace,62451.0,London Stadium,Paul Tierney,2022-2023,1.9,3.4,4.2,1,2,Away Team Wins,1.0,1.0,Draw
15,06-11-2022,14:00,Southampton,1.7,1Â4,0.9,Newcastle Utd,30402.0,St. Mary's Stadium,Stuart Attwell,2022-2023,4.0,3.6,1.9,1,4,Away Team Wins,2.0,1.0,Home Team Wins
15,06-11-2022,14:00,Aston Villa,0.6,3Â1,0.5,Manchester Utd,42058.0,Villa Park,Anthony Taylor,2022-2023,3.3,3.8,2.1,3,1,Home Team Wins,1.0,0.0,Home Team Wins
15,06-11-2022,16:30,Tottenham,1.2,1Â2,1.2,Liverpool,62008.0,Tottenham Hotspur Stadium,Andy Madley,2022-2023,3.3,3.6,2.1,1,2,Away Team Wins,1.0,1.0,Draw
15,05-11-2022,15:00,Nott'ham Forest,1.5,2Â2,1.5,Brentford,28869.0,The City Ground,Andre Marriner,2022-2023,2.75,3.3,2.6,2,2,Draw,2.0,2.0,Draw
15,05-11-2022,15:00,Leeds United,2.2,4Â3,1.5,Bournemouth,36304.0,Elland Road,Tony Harrington,2022-2023,1.72,3.8,4.75,4,3,Home Team Wins,2.0,2.0,Draw
15,05-11-2022,15:00,Manchester City,2.1,2Â1,1.0,Fulham,52395.0,Etihad Stadium,Darren England,2022-2023,1.11,9.5,19.0,2,1,Home Team Wins,2.0,1.0,Home Team Wins
15,05-11-2022,15:00,Wolves,1.2,2Â3,1.5,Brighton,30732.0,Molineux Stadium,Graham Scott,2022-2023,3.3,3.3,2.25,2,3,Away Team Wins,1.0,2.0,Away Team Wins
15,05-11-2022,17:30,Everton,1.2,0Â2,2.3,Leicester City,39206.0,Goodison Park,David Coote,2022-2023,2.4,3.3,3.0,0,2,Away Team Wins,1.0,2.0,Away Team Wins
14,30-10-2022,14:00,Arsenal,2.3,5Â0,0.4,Nott'ham Forest,60263.0,Emirates Stadium,Simon Hooper,2022-2023,1.2,7.0,12.0,5,0,Home Team Wins,2.0,0.0,Home Team Wins
14,30-10-2022,16:15,Manchester Utd,1.2,1Â0,1.1,West Ham,73682.0,Old Trafford,Chris Kavanagh,2022-2023,1.66,4.0,4.8,1,0,Home Team Wins,1.0,1.0,Draw
14,29-10-2022,12:30,Leicester City,0.7,0Â1,1.0,Manchester City,32223.0,King Power Stadium,Robert Jones,2022-2023,10.0,6.5,1.25,0,1,Away Team Wins,1.0,1.0,Draw
14,29-10-2022,15:00,Brentford,1.4,1Â1,0.6,Wolves,17051.0,Brentford Community Stadium,Robert Madley,2022-2023,2.2,3.4,3.3,1,1,Draw,1.0,1.0,Draw
14,29-10-2022,15:00,Crystal Palace,0.9,1Â0,1.3,Southampton,25130.0,Selhurst Park,Michael Salisbury,2022-2023,1.9,3.6,4.0,1,0,Home Team Wins,1.0,1.0,Draw
14,29-10-2022,15:00,Newcastle Utd,3.4,4Â0,0.4,Aston Villa,52233.0,St James' Park,Paul Tierney,2022-2023,1.8,3.75,4.5,4,0,Home Team Wins,3.0,0.0,Home Team Wins
14,29-10-2022,15:00,Brighton,2.4,4Â1,1.4,Chelsea,31746.0,The American Express Community Stadium,Andy Madley,2022-2023,3.0,3.3,2.4,4,1,Home Team Wins,2.0,1.0,Home Team Wins
14,29-10-2022,15:00,Bournemouth,0.5,2Â3,2.0,Tottenham,10430.0,Vitality Stadium,Anthony Taylor,2022-2023,5.0,3.8,1.7,2,3,Away Team Wins,1.0,2.0,Away Team Wins
14,29-10-2022,17:30,Fulham,1.9,0Â0,0.9,Everton,23534.0,Craven Cottage,John Brooks,2022-2023,2.37,3.4,3.0,0,0,Draw,2.0,1.0,Home Team Wins
14,29-10-2022,19:45,Liverpool,1.7,1Â2,1.8,Leeds United,53274.0,Anfield,Michael Oliver,2022-2023,1.3,6.0,9.0,1,2,Away Team Wins,3.0,2.0,Home Team Wins
13,24-10-2022,20:00,West Ham,1.9,2Â0,0.4,Bournemouth,62447.0,London Stadium,David Coote,2022-2023,1.55,4.0,6.0,2,0,Home Team Wins,2.0,0.0,Home Team Wins
13,23-10-2022,14:00,Aston Villa,2.8,4Â0,0.9,Brentford,41693.0,Villa Park,Darren England,2022-2023,2.1,3.5,3.5,4,0,Home Team Wins,3.0,1.0,Home Team Wins
13,23-10-2022,14:00,Wolves,2.1,0Â4,0.9,Leicester City,31425.0,Molineux Stadium,Michael Oliver,2022-2023,2.25,3.25,3.25,0,4,Away Team Wins,2.0,1.0,Home Team Wins
13,23-10-2022,14:00,Leeds United,1.6,2Â3,1.8,Fulham,36447.0,Elland Road,Anthony Taylor,2022-2023,2.05,3.5,3.6,2,3,Away Team Wins,3.0,2.0,Home Team Wins
13,23-10-2022,14:00,Southampton,0.7,1Â1,1.0,Arsenal,31145.0,St. Mary's Stadium,Robert Jones,2022-2023,6.0,4.0,1.57,1,1,Draw,1.0,1.0,Draw
13,23-10-2022,16:30,Tottenham,1.6,1Â2,1.2,Newcastle Utd,61726.0,Tottenham Hotspur Stadium,Jarred Gillett,2022-2023,2.05,3.5,3.5,1,2,Away Team Wins,2.0,1.0,Home Team Wins
13,22-10-2022,12:30,Nott'ham Forest,1.9,1Â0,1.6,Liverpool,29245.0,The City Ground,Paul Tierney,2022-2023,11.0,6.0,1.25,1,0,Home Team Wins,2.0,2.0,Draw
13,22-10-2022,15:00,Everton,1.4,3Â0,0.9,Crystal Palace,38939.0,Goodison Park,Simon Hooper,2022-2023,2.6,3.2,2.87,3,0,Home Team Wins,1.0,1.0,Draw
13,22-10-2022,15:00,Manchester City,1.6,3Â1,0.5,Brighton,53223.0,Etihad Stadium,Craig Pawson,2022-2023,1.2,7.0,13.0,3,1,Home Team Wins,2.0,1.0,Home Team Wins
13,22-10-2022,17:30,Chelsea,1.1,1Â1,0.8,Manchester Utd,39503.0,Stamford Bridge,Stuart Attwell,2022-2023,2.05,3.5,3.5,1,1,Draw,1.0,1.0,Draw
12,20-10-2022,19:30,Fulham,2.1,3Â0,1.2,Aston Villa,23508.0,Craven Cottage,Michael Oliver,2022-2023,2.9,3.3,2.5,3,0,Home Team Wins,2.0,1.0,Home Team Wins
12,20-10-2022,20:15,Leicester City,0.8,2Â0,1.3,Leeds United,30814.0,King Power Stadium,Peter Bankes,2022-2023,2.25,3.6,3.0,2,0,Home Team Wins,1.0,1.0,Draw
12,19-10-2022,19:30,Bournemouth,1.0,0Â1,1.0,Southampton,10405.0,Vitality Stadium,John Brooks,2022-2023,2.62,3.3,2.62,0,1,Away Team Wins,1.0,1.0,Draw
12,19-10-2022,19:30,Brentford,1.3,0Â0,0.9,Chelsea,17118.0,Brentford Community Stadium,Jarred Gillett,2022-2023,4.75,3.8,1.72,0,0,Draw,1.0,1.0,Draw
12,19-10-2022,19:30,Liverpool,1.7,1Â0,1.7,West Ham,52982.0,Anfield,Stuart Attwell,2022-2023,1.4,5.0,7.0,1,0,Home Team Wins,3.0,2.0,Home Team Wins
12,19-10-2022,19:30,Newcastle Utd,1.5,1Â0,0.2,Everton,52247.0,St James' Park,Tony Harrington,2022-2023,1.6,3.8,5.75,1,0,Home Team Wins,2.0,0.0,Home Team Wins
12,19-10-2022,20:15,Manchester Utd,1.5,2Â0,0.6,Tottenham,73677.0,Old Trafford,Simon Hooper,2022-2023,2.45,3.5,2.75,2,0,Home Team Wins,1.0,1.0,Draw
12,18-10-2022,19:30,Brighton,1.7,0Â0,0.1,Nott'ham Forest,31463.0,The American Express Community Stadium,Darren England,2022-2023,1.4,4.75,7.0,0,0,Draw,2.0,0.0,Home Team Wins
12,18-10-2022,20:15,Crystal Palace,1.2,2Â1,0.8,Wolves,25125.0,Selhurst Park,David Coote,2022-2023,2.25,3.1,3.4,2,1,Home Team Wins,1.0,1.0,Draw
11,16-10-2022,14:00,Southampton,0.5,1Â1,1.7,West Ham,29159.0,St. Mary's Stadium,Peter Bankes,2022-2023,2.9,3.4,2.4,1,1,Draw,1.0,2.0,Away Team Wins
11,16-10-2022,14:00,Aston Villa,1.8,0Â2,0.9,Chelsea,41754.0,Villa Park,Robert Jones,2022-2023,4.33,3.75,1.8,0,2,Away Team Wins,2.0,1.0,Home Team Wins
11,16-10-2022,14:00,Leeds United,1.8,0Â1,0.5,Arsenal,36700.0,Elland Road,Chris Kavanagh,2022-2023,6.0,4.2,1.55,0,1,Away Team Wins,2.0,1.0,Home Team Wins
11,16-10-2022,14:00,Manchester Utd,0.8,0Â0,0.8,Newcastle Utd,73726.0,Old Trafford,Craig Pawson,2022-2023,1.95,3.8,3.5,0,0,Draw,1.0,1.0,Draw
11,16-10-2022,16:30,Liverpool,2.1,1Â0,1.0,Manchester City,53286.0,Anfield,Anthony Taylor,2022-2023,3.6,4.0,1.9,1,0,Home Team Wins,2.0,1.0,Home Team Wins
11,15-10-2022,12:30,Leicester City,1.0,0Â0,0.4,Crystal Palace,31298.0,King Power Stadium,Andy Madley,2022-2023,2.3,3.4,3.1,0,0,Draw,1.0,0.0,Home Team Wins
11,15-10-2022,15:00,Fulham,2.1,2Â2,1.0,Bournemouth,22541.0,Craven Cottage,Graham Scott,2022-2023,1.85,3.75,4.0,2,2,Draw,2.0,1.0,Home Team Wins
11,15-10-2022,15:00,Wolves,1.3,1Â0,1.5,Nott'ham Forest,31554.0,Molineux Stadium,Thomas Bramall,2022-2023,1.7,3.75,5.0,1,0,Home Team Wins,1.0,2.0,Away Team Wins
11,15-10-2022,17:30,Tottenham,2.2,2Â0,0.4,Everton,61812.0,Tottenham Hotspur Stadium,Paul Tierney,2022-2023,1.5,4.5,6.5,2,0,Home Team Wins,2.0,0.0,Home Team Wins
11,14-10-2022,20:00,Brentford,1.5,2Â0,1.9,Brighton,17016.0,Brentford Community Stadium,Michael Salisbury,2022-2023,3.1,3.4,2.3,2,0,Home Team Wins,1.0,2.0,Away Team Wins
10,10-10-2022,20:00,Nott'ham Forest,0.3,1Â1,0.7,Aston Villa,29208.0,The City Ground,Anthony Taylor,2022-2023,3.3,3.4,2.2,1,1,Draw,0.0,1.0,Away Team Wins
10,09-10-2022,14:00,West Ham,2.4,3Â1,0.7,Fulham,62407.0,London Stadium,Chris Kavanagh,2022-2023,1.72,3.8,4.75,3,1,Home Team Wins,3.0,1.0,Home Team Wins
10,09-10-2022,14:00,Crystal Palace,1.1,2Â1,1.0,Leeds United,25042.0,Selhurst Park,Paul Tierney,2022-2023,2.05,3.5,3.6,2,1,Home Team Wins,1.0,1.0,Draw
10,09-10-2022,16:30,Arsenal,2.7,3Â2,1.1,Liverpool,60059.0,Emirates Stadium,Michael Oliver,2022-2023,2.5,3.6,2.62,3,2,Home Team Wins,3.0,1.0,Home Team Wins
10,09-10-2022,19:00,Everton,0.6,1Â2,1.4,Manchester Utd,39258.0,Goodison Park,David Coote,2022-2023,3.6,3.5,2.05,1,2,Away Team Wins,1.0,1.0,Draw
10,08-10-2022,15:00,Bournemouth,1.1,2Â1,1.0,Leicester City,10272.0,Vitality Stadium,Michael Salisbury,2022-2023,3.6,3.4,2.05,2,1,Home Team Wins,1.0,1.0,Draw
10,08-10-2022,15:00,Newcastle Utd,1.5,5Â1,1.2,Brentford,52067.0,St James' Park,John Brooks,2022-2023,1.83,3.8,4.2,5,1,Home Team Wins,2.0,1.0,Home Team Wins
10,08-10-2022,15:00,Manchester City,2.4,4Â0,0.2,Southampton,53365.0,Etihad Stadium,Andy Madley,2022-2023,1.11,10.0,17.0,4,0,Home Team Wins,3.0,0.0,Home Team Wins
10,08-10-2022,15:00,Chelsea,1.9,3Â0,1.1,Wolves,39940.0,Stamford Bridge,Simon Hooper,2022-2023,1.4,4.5,8.0,3,0,Home Team Wins,2.0,1.0,Home Team Wins
10,08-10-2022,17:30,Brighton,0.7,0Â1,0.8,Tottenham,31498.0,The American Express Community Stadium,Tony Harrington,2022-2023,2.8,3.4,2.5,0,1,Away Team Wins,1.0,1.0,Draw
9,03-10-2022,20:00,Leicester City,1.3,4Â0,1.1,Nott'ham Forest,32202.0,King Power Stadium,Robert Jones,2022-2023,1.75,4.0,4.33,4,0,Home Team Wins,2.0,1.0,Home Team Wins
9,02-10-2022,14:00,Manchester City,3.2,6Â3,1.7,Manchester Utd,53475.0,Etihad Stadium,Michael Oliver,2022-2023,1.33,5.75,7.5,6,3,Home Team Wins,4.0,2.0,Home Team Wins
9,02-10-2022,16:30,Leeds United,0.4,0Â0,2.2,Aston Villa,36582.0,Elland Road,Stuart Attwell,2022-2023,2.35,3.4,3.0,0,0,Draw,0.0,2.0,Away Team Wins
9,01-10-2022,12:30,Arsenal,2.4,3Â1,1.6,Tottenham,60278.0,Emirates Stadium,Anthony Taylor,2022-2023,2.05,3.75,3.3,3,1,Home Team Wins,2.0,2.0,Draw
9,01-10-2022,15:00,Southampton,1.7,1Â2,2.0,Everton,30510.0,St. Mary's Stadium,Andre Marriner,2022-2023,2.15,3.4,3.4,1,2,Away Team Wins,2.0,2.0,Draw
9,01-10-2022,15:00,Crystal Palace,0.4,1Â2,1.1,Chelsea,25198.0,Selhurst Park,Chris Kavanagh,2022-2023,4.2,3.6,1.85,1,2,Away Team Wins,1.0,1.0,Draw
9,01-10-2022,15:00,Liverpool,1.5,3Â3,1.4,Brighton,53320.0,Anfield,Andy Madley,2022-2023,1.33,5.25,8.5,3,3,Draw,2.0,1.0,Home Team Wins
9,01-10-2022,15:00,Fulham,0.5,1Â4,3.3,Newcastle Utd,22913.0,Craven Cottage,Darren England,2022-2023,3.0,3.4,2.37,1,4,Away Team Wins,-0.0,4.0,Away Team Wins
9,01-10-2022,15:00,Bournemouth,0.4,0Â0,0.9,Brentford,10126.0,Vitality Stadium,Thomas Bramall,2022-2023,3.3,3.4,2.2,0,0,Draw,1.0,1.0,Draw
9,01-10-2022,17:30,West Ham,0.9,2Â0,0.7,Wolves,62444.0,London Stadium,Paul Tierney,2022-2023,1.95,3.5,4.2,2,0,Home Team Wins,1.0,1.0,Draw
8,18-09-2022,12:00,Brentford,0.5,0Â3,1.5,Arsenal,17122.0,Brentford Community Stadium,David Coote,2022-2023,4.2,3.8,1.8,0,3,Away Team Wins,1.0,2.0,Away Team Wins
8,18-09-2022,14:15,Everton,0.4,1Â0,1.0,West Ham,39298.0,Goodison Park,Michael Oliver,2022-2023,2.9,3.25,2.5,1,0,Home Team Wins,1.0,1.0,Draw
8,17-09-2022,12:30,Wolves,0.4,0Â3,1.1,Manchester City,31578.0,Molineux Stadium,Anthony Taylor,2022-2023,9.5,5.0,1.33,0,3,Away Team Wins,1.0,1.0,Draw
8,17-09-2022,15:00,Newcastle Utd,1.9,1Â1,0.7,Bournemouth,52238.0,St James' Park,Craig Pawson,2022-2023,1.44,4.4,7.5,1,1,Draw,2.0,1.0,Home Team Wins
8,17-09-2022,17:30,Tottenham,2.2,6Â2,1.8,Leicester City,61450.0,Tottenham Hotspur Stadium,Simon Hooper,2022-2023,1.45,4.5,7.0,6,2,Home Team Wins,2.0,2.0,Draw
8,16-09-2022,20:00,Aston Villa,1.5,1Â0,0.3,Southampton,40758.0,Villa Park,Tony Harrington,2022-2023,2.1,3.5,3.5,1,0,Home Team Wins,2.0,1.0,Home Team Wins
8,16-09-2022,20:00,Nott'ham Forest,1.4,2Â3,0.9,Fulham,28654.0,The City Ground,Jarred Gillett,2022-2023,2.75,3.3,2.62,2,3,Away Team Wins,2.0,1.0,Home Team Wins
6,04-09-2022,14:00,Brighton,2.6,5Â2,1.4,Leicester City,31185.0,The American Express Community Stadium,Tony Harrington,2022-2023,1.83,3.5,4.5,5,2,Home Team Wins,2.0,1.0,Home Team Wins
6,04-09-2022,16:30,Manchester Utd,1.5,3Â1,1.3,Arsenal,73431.0,Old Trafford,Paul Tierney,2022-2023,2.5,3.5,2.7,3,1,Home Team Wins,2.0,1.0,Home Team Wins
6,03-09-2022,12:30,Everton,1.7,0Â0,2.1,Liverpool,39240.0,Goodison Park,Anthony Taylor,2022-2023,7.0,4.75,1.4,0,0,Draw,2.0,2.0,Draw
6,03-09-2022,15:00,Nott'ham Forest,1.9,2Â3,0.8,Bournemouth,28720.0,The City Ground,Michael Oliver,2022-2023,1.95,3.5,3.8,2,3,Away Team Wins,2.0,1.0,Home Team Wins
6,03-09-2022,15:00,Wolves,0.8,1Â0,1.2,Southampton,30546.0,Molineux Stadium,John Brooks,2022-2023,2.2,3.4,3.25,1,0,Home Team Wins,1.0,1.0,Draw
6,03-09-2022,15:00,Newcastle Utd,2.8,0Â0,1.0,Crystal Palace,51863.0,St James' Park,Michael Salisbury,2022-2023,2.0,3.5,3.75,0,0,Draw,3.0,1.0,Home Team Wins
6,03-09-2022,15:00,Brentford,2.3,5Â2,1.7,Leeds United,17092.0,Brentford Community Stadium,Robert Jones,2022-2023,2.1,3.5,3.4,5,2,Home Team Wins,2.0,2.0,Draw
6,03-09-2022,15:00,Tottenham,2.9,2Â1,0.7,Fulham,61641.0,Tottenham Hotspur Stadium,Stuart Attwell,2022-2023,1.5,4.5,6.5,2,1,Home Team Wins,3.0,0.0,Home Team Wins
6,03-09-2022,15:00,Chelsea,0.9,2Â1,1.1,West Ham,39923.0,Stamford Bridge,Andy Madley,2022-2023,1.55,4.5,5.5,2,1,Home Team Wins,1.0,1.0,Draw
6,03-09-2022,17:30,Aston Villa,0.3,1Â1,2.1,Manchester City,41830.0,Villa Park,Simon Hooper,2022-2023,8.0,5.5,1.33,1,1,Draw,0.0,3.0,Away Team Wins
5,01-09-2022,20:00,Leicester City,0.7,0Â1,1.5,Manchester Utd,32226.0,King Power Stadium,Craig Pawson,2022-2023,3.4,3.75,2.05,0,1,Away Team Wins,1.0,1.0,Draw
5,31-08-2022,19:30,Bournemouth,0.4,0Â0,1.5,Wolves,10113.0,Vitality Stadium,Anthony Taylor,2022-2023,3.5,3.3,2.15,0,0,Draw,1.0,2.0,Away Team Wins
5,31-08-2022,19:30,Manchester City,3.3,6Â0,0.7,Nott'ham Forest,53409.0,Etihad Stadium,Paul Tierney,2022-2023,1.06,13.0,29.0,6,0,Home Team Wins,3.0,1.0,Home Team Wins
5,31-08-2022,19:30,Arsenal,2.4,2Â1,0.4,Aston Villa,60012.0,Emirates Stadium,Robert Jones,2022-2023,1.45,4.5,6.0,2,1,Home Team Wins,2.0,0.0,Home Team Wins
5,31-08-2022,19:45,West Ham,1.2,1Â1,0.6,Tottenham,62450.0,London Stadium,Peter Bankes,2022-2023,3.6,3.8,1.95,1,1,Draw,2.0,1.0,Home Team Wins
5,31-08-2022,20:00,Liverpool,1.5,2Â1,0.7,Newcastle Utd,53316.0,Anfield,Andre Marriner,2022-2023,1.33,5.25,9.0,2,1,Home Team Wins,2.0,1.0,Home Team Wins
5,30-08-2022,19:30,Fulham,0.7,2Â1,1.4,Brighton,22224.0,Craven Cottage,Thomas Bramall,2022-2023,3.1,3.3,2.3,2,1,Home Team Wins,1.0,1.0,Draw
5,30-08-2022,19:30,Crystal Palace,1.0,1Â1,1.4,Brentford,25043.0,Selhurst Park,Simon Hooper,2022-2023,2.05,3.4,3.6,1,1,Draw,1.0,1.0,Draw
5,30-08-2022,19:45,Southampton,1.1,2Â1,1.1,Chelsea,31542.0,St. Mary's Stadium,Michael Oliver,2022-2023,5.25,4.0,1.61,2,1,Home Team Wins,1.0,1.0,Draw
5,30-08-2022,20:00,Leeds United,1.0,1Â1,1.0,Everton,36338.0,Elland Road,Darren England,2022-2023,2.15,3.5,3.3,1,1,Draw,1.0,1.0,Draw
4,28-08-2022,14:00,Wolves,0.7,1Â1,1.7,Newcastle Utd,31311.0,Molineux Stadium,Peter Bankes,2022-2023,2.7,3.3,2.7,1,1,Draw,1.0,2.0,Away Team Wins
4,28-08-2022,14:00,Aston Villa,0.5,0Â1,0.6,West Ham,41796.0,Villa Park,David Coote,2022-2023,2.3,3.4,3.1,0,1,Away Team Wins,1.0,1.0,Draw
4,28-08-2022,16:30,Nott'ham Forest,0.9,0Â2,2.4,Tottenham,29296.0,The City Ground,Craig Pawson,2022-2023,7.0,4.6,1.44,0,2,Away Team Wins,1.0,3.0,Away Team Wins
4,27-08-2022,12:30,Southampton,1.4,0Â1,1.1,Manchester Utd,31196.0,St. Mary's Stadium,Andy Madley,2022-2023,4.2,4.0,1.8,0,1,Away Team Wins,1.0,1.0,Draw
4,27-08-2022,15:00,Manchester City,2.2,4Â2,0.1,Crystal Palace,53112.0,Etihad Stadium,Darren England,2022-2023,1.18,7.5,13.0,4,2,Home Team Wins,2.0,1.0,Home Team Wins
4,27-08-2022,15:00,Brighton,2.0,1Â0,1.8,Leeds United,30953.0,The American Express Community Stadium,Michael Salisbury,2022-2023,1.9,3.8,3.8,1,0,Home Team Wins,2.0,2.0,Draw
4,27-08-2022,15:00,Chelsea,1.8,2Â1,2.5,Leicester City,39953.0,Stamford Bridge,Paul Tierney,2022-2023,1.4,5.0,7.0,2,1,Home Team Wins,2.0,3.0,Away Team Wins
4,27-08-2022,15:00,Brentford,2.1,1Â1,1.1,Everton,17009.0,Brentford Community Stadium,John Brooks,2022-2023,2.0,3.5,3.75,1,1,Draw,2.0,1.0,Home Team Wins
4,27-08-2022,15:00,Liverpool,3.3,9Â0,0.3,Bournemouth,53328.0,Anfield,Stuart Attwell,2022-2023,1.1,10.0,26.0,9,0,Home Team Wins,3.0,0.0,Home Team Wins
4,27-08-2022,17:30,Arsenal,2.6,2Â1,0.8,Fulham,60164.0,Emirates Stadium,Jarred Gillett,2022-2023,1.3,5.75,9.0,2,1,Home Team Wins,3.0,1.0,Home Team Wins
3,22-08-2022,20:00,Manchester Utd,1.8,2Â1,1.3,Liverpool,74147.0,Old Trafford,Michael Oliver,2022-2023,5.25,4.33,1.6,2,1,Home Team Wins,2.0,1.0,Home Team Wins
3,21-08-2022,14:00,Leeds United,2.1,3Â0,0.9,Chelsea,36372.0,Elland Road,Stuart Attwell,2022-2023,5.75,4.5,1.53,3,0,Home Team Wins,2.0,1.0,Home Team Wins
3,21-08-2022,14:00,West Ham,0.8,0Â2,1.7,Brighton,62449.0,London Stadium,Anthony Taylor,2022-2023,2.3,3.4,3.1,0,2,Away Team Wins,1.0,2.0,Away Team Wins
3,21-08-2022,16:30,Newcastle Utd,1.8,3Â3,2.1,Manchester City,52258.0,St James' Park,Jarred Gillett,2022-2023,7.5,5.0,1.36,3,3,Draw,2.0,2.0,Draw
3,20-08-2022,12:30,Tottenham,1.7,1Â0,0.7,Wolves,61298.0,Tottenham Hotspur Stadium,Simon Hooper,2022-2023,1.4,4.75,7.5,1,0,Home Team Wins,2.0,1.0,Home Team Wins
3,20-08-2022,15:00,Leicester City,0.3,1Â2,0.9,Southampton,30850.0,King Power Stadium,Michael Salisbury,2022-2023,1.83,4.0,4.0,1,2,Away Team Wins,1.0,1.0,Draw
3,20-08-2022,15:00,Everton,1.5,1Â1,1.0,Nott'ham Forest,39271.0,Goodison Park,Andre Marriner,2022-2023,1.9,3.6,4.0,1,1,Draw,1.0,1.0,Draw
3,20-08-2022,15:00,Crystal Palace,2.6,3Â1,0.9,Aston Villa,22012.0,Selhurst Park,Andy Madley,2022-2023,2.5,3.25,2.9,3,1,Home Team Wins,3.0,1.0,Home Team Wins
3,20-08-2022,15:00,Fulham,2.4,3Â2,1.8,Brentford,21798.0,Craven Cottage,Peter Bankes,2022-2023,2.45,3.4,2.9,3,2,Home Team Wins,2.0,2.0,Draw
3,20-08-2022,17:30,Bournemouth,0.3,0Â3,1.3,Arsenal,10423.0,Vitality Stadium,Craig Pawson,2022-2023,8.0,4.75,1.4,0,3,Away Team Wins,0.0,1.0,Away Team Wins
2,15-08-2022,20:00,Liverpool,2.0,1Â1,1.0,Crystal Palace,52970.0,Anfield,Paul Tierney,2022-2023,1.18,6.75,16.0,1,1,Draw,2.0,1.0,Home Team Wins
2,14-08-2022,14:00,Nott'ham Forest,1.3,1Â0,2.1,West Ham,29281.0,The City Ground,Robert Jones,2022-2023,4.2,3.6,1.85,1,0,Home Team Wins,1.0,2.0,Away Team Wins
2,14-08-2022,16:30,Chelsea,1.6,2Â2,1.0,Tottenham,39946.0,Stamford Bridge,Anthony Taylor,2022-2023,2.25,3.4,3.2,2,2,Draw,1.0,1.0,Draw
2,13-08-2022,12:30,Aston Villa,2.3,2Â1,1.6,Everton,41883.0,Villa Park,Michael Oliver,2022-2023,1.8,3.5,4.75,2,1,Home Team Wins,2.0,2.0,Draw
2,13-08-2022,15:00,Manchester City,1.7,4Â0,0.1,Bournemouth,53453.0,Etihad Stadium,David Coote,2022-2023,1.06,13.0,29.0,4,0,Home Team Wins,2.0,0.0,Home Team Wins
2,13-08-2022,15:00,Southampton,1.2,2Â2,1.8,Leeds United,30815.0,St. Mary's Stadium,Tony Harrington,2022-2023,2.25,3.5,3.1,2,2,Draw,1.0,2.0,Away Team Wins
2,13-08-2022,15:00,Wolves,0.9,0Â0,1.5,Fulham,31178.0,Molineux Stadium,John Brooks,2022-2023,2.3,3.3,3.2,0,0,Draw,1.0,1.0,Draw
2,13-08-2022,15:00,Arsenal,2.7,4Â2,0.5,Leicester City,60033.0,Emirates Stadium,Darren England,2022-2023,1.53,4.33,5.75,4,2,Home Team Wins,3.0,1.0,Home Team Wins
2,13-08-2022,15:00,Brighton,1.5,0Â0,0.2,Newcastle Utd,31552.0,The American Express Community Stadium,Graham Scott,2022-2023,2.45,3.2,3.0,0,0,Draw,1.0,0.0,Home Team Wins
2,13-08-2022,17:30,Brentford,1.6,4Â0,0.9,Manchester Utd,17051.0,Brentford Community Stadium,Stuart Attwell,2022-2023,3.75,3.5,2.0,4,0,Home Team Wins,1.0,1.0,Draw
1,07-08-2022,14:00,Leicester City,0.6,2Â2,0.8,Brentford,31794.0,King Power Stadium,Jarred Gillett,2022-2023,2.0,3.75,3.5,2,2,Draw,1.0,1.0,Draw
1,07-08-2022,14:00,Manchester Utd,1.4,1Â2,1.5,Brighton,73711.0,Old Trafford,Paul Tierney,2022-2023,1.6,4.2,5.25,1,2,Away Team Wins,1.0,2.0,Away Team Wins
1,07-08-2022,16:30,West Ham,0.5,0Â2,2.2,Manchester City,62443.0,London Stadium,Michael Oliver,2022-2023,8.0,5.0,1.36,0,2,Away Team Wins,1.0,2.0,Away Team Wins
1,06-08-2022,12:30,Fulham,1.2,2Â2,1.2,Liverpool,22207.0,Craven Cottage,Andy Madley,2022-2023,11.0,6.0,1.25,2,2,Draw,1.0,1.0,Draw
1,06-08-2022,15:00,Tottenham,1.5,4Â1,0.5,Southampton,61732.0,Tottenham Hotspur Stadium,Andre Marriner,2022-2023,1.33,5.5,8.5,4,1,Home Team Wins,2.0,0.0,Home Team Wins
1,06-08-2022,15:00,Newcastle Utd,1.7,2Â0,0.3,Nott'ham Forest,52245.0,St James' Park,Simon Hooper,2022-2023,1.66,3.8,5.25,2,0,Home Team Wins,2.0,0.0,Home Team Wins
1,06-08-2022,15:00,Leeds United,0.8,2Â1,1.3,Wolves,36347.0,Elland Road,Robert Jones,2022-2023,2.25,3.4,3.2,2,1,Home Team Wins,1.0,1.0,Draw
1,06-08-2022,15:00,Bournemouth,0.6,2Â0,0.7,Aston Villa,11013.0,Vitality Stadium,Peter Bankes,2022-2023,3.75,3.5,2.0,2,0,Home Team Wins,1.0,1.0,Draw
1,06-08-2022,17:30,Everton,0.7,0Â1,1.5,Chelsea,39254.0,Goodison Park,Craig Pawson,2022-2023,5.5,4.0,1.61,0,1,Away Team Wins,1.0,2.0,Away Team Wins
1,05-08-2022,20:00,Crystal Palace,1.2,0Â2,1.0,Arsenal,25286.0,Selhurst Park,Anthony Taylor,2022-2023,4.2,3.6,1.85,0,2,Away Team Wins,1.0,1.0,Draw
